<application>
  <component name="CodeInsightSettings">
    <option name="AUTO_POPUP_JAVADOC_INFO" value="true" />
  </component>
  <component name="CodeVisionSettings">
    <option name="defaultPosition" value="Right" />
  </component>
  <component name="DaemonCodeAnalyzerSettings">
    <option name="AUTOREPARSE_DELAY" value="0" />
  </component>
  <component name="EditorSettings">
    <option name="languageBreadcrumbsMap">
      <map>
        <entry key="JAVA" value="true" />
      </map>
    </option>
    <option name="SHOW_BREADCRUMBS_ABOVE" value="true" />
    <option name="SHOW_BREADCRUMBS" value="false" />
  </component>
  <component name="InlineCompletionOnboarding">
    <option name="onboardingFinished" value="true" />
  </component>
  <component name="TodoConfiguration">
    <pattern pattern="\btodo\b.*" />
    <pattern icon="important" useCustomColors="true" pattern="\bfixme\b.*">
      <option name="FOREGROUND" value="f56678" />
      <option name="FONT_TYPE" value="2" />
    </pattern>
    <pattern useCustomColors="true" pattern="\bhack\b.*">
      <option name="FOREGROUND" value="e0af68" />
      <option name="FONT_TYPE" value="2" />
    </pattern>
  </component>
</application>