<application>
  <component name="LafManager">
    <laf themeId="5b145824-a9e7-494a-9062-b95fd7c3baad" />
    <lafs-to-previous-schemes>
      <laf-to-scheme laf="1324eea6-b737-4305-8a73-14af69073eae" scheme="TokyoDark" />
      <laf-to-scheme laf="4f556d32-83cb-4b8b-9932-c4eccc4ce3af" scheme="TokyoDark" />
      <laf-to-scheme laf="5b145824-a9e7-494a-9062-b95fd7c3baad" scheme="TokyoDark" />
      <laf-to-scheme laf="ExperimentalDark" scheme="TokyoDark" />
      <laf-to-scheme laf="f92a0fa7-1a98-47cd-b5cb-78ff67e6f4f3" scheme="TokyoDark" />
    </lafs-to-previous-schemes>
  </component>
</application>