<keymap version="1" name="Visual Studio copy" parent="Visual Studio">
  <action id="AIAssistant.CodeGeneration.Actions.AcceptAllChanges">
    <keyboard-shortcut first-keystroke="shift ctrl a" />
  </action>
  <action id="AIAssistant.CodeGeneration.Actions.Specify">
    <keyboard-shortcut first-keystroke="ctrl slash" />
    <keyboard-shortcut first-keystroke="shift ctrl s" />
  </action>
  <action id="AddToHarpoon">
    <keyboard-shortcut first-keystroke="shift ctrl alt q" />
  </action>
  <action id="CloseFirstNotification">
    <keyboard-shortcut first-keystroke="alt u" />
  </action>
  <action id="DumpLookupElementWeights" />
  <action id="FloatMode">
    <keyboard-shortcut first-keystroke="shift ctrl n" />
  </action>
  <action id="GenerateTestMethod">
    <keyboard-shortcut first-keystroke="shift ctrl alt q" />
  </action>
  <action id="Git.Stage.Add">
    <keyboard-shortcut first-keystroke="ctrl alt a" />
    <keyboard-shortcut first-keystroke="ctrl a" />
    <keyboard-shortcut first-keystroke="shift ctrl alt a" />
  </action>
  <action id="Git.Stage.Add.All">
    <keyboard-shortcut first-keystroke="shift ctrl a" />
  </action>
  <action id="Git.Stage.Reset">
    <keyboard-shortcut first-keystroke="ctrl alt z" />
    <keyboard-shortcut first-keystroke="ctrl u" />
    <keyboard-shortcut first-keystroke="shift ctrl alt u" />
  </action>
  <action id="RuntimeErrorExplanationAction">
    <keyboard-shortcut first-keystroke="shift ctrl alt a" />
  </action>
  <action id="ShowDiscoveredTests">
    <keyboard-shortcut first-keystroke="shift ctrl alt w" />
  </action>
  <action id="ShowHarpoon">
    <keyboard-shortcut first-keystroke="shift ctrl alt w" />
  </action>
  <action id="Vcs.ExplainCommit">
    <keyboard-shortcut first-keystroke="shift ctrl alt e" />
    <keyboard-shortcut first-keystroke="shift ctrl alt a" />
  </action>
  <action id="VimFindActionIdAction">
    <keyboard-shortcut first-keystroke="alt a" />
  </action>
  <action id="hg4idea.add">
    <keyboard-shortcut first-keystroke="ctrl alt a" />
  </action>
</keymap>