<filetype binary="false" default_extension="ideavimrc" description="Ideavim RC configuration file type" name="ideavimrc">
  <highlighting>
    <options>
      <option name="LINE_COMMENT" value="&quot;" />
      <option name="COMMENT_START" value="" />
      <option name="COMMENT_END" value="" />
      <option name="HEX_PREFIX" value="" />
      <option name="NUM_POSTFIXES" value="" />
      <option name="HAS_BRACES" value="true" />
      <option name="HAS_BRACKETS" value="true" />
      <option name="HAS_PARENS" value="true" />
      <option name="HAS_STRING_ESCAPES" value="true" />
    </options>
    <keywords keywords="let;map;nmap" ignore_case="true" />
  </highlighting>
  <extensionMap>
    <mapping ext="ideavimrc" />
  </extensionMap>
</filetype>